<customers><customer id="124" Gender="Female" MaritalStatus="Married"><AgeGroup>50-60</AgeGroup><IncomeLevel>low</IncomeLevel><Address><City>Athens</City><Street>Panepistimiou Avenue</Street><Number>7</Number></Address><Products><Product id="134"><ProductName>Model C93822D Wireless Phone Battery</ProductName><ProductCategory>Camera Batteries</ProductCategory><ProductTypes><ProductType>video</ProductType></ProductTypes></Product></Products></customer><customer id="547" Gender="Female" MaritalStatus="Single"><AgeGroup>40-50</AgeGroup><IncomeLevel>low</IncomeLevel><Address><City>Athens</City><Street>Ermou Street</Street><Number>25</Number></Address><Products><Product id="134"><ProductName>Model C93822D Wireless Phone Battery</ProductName><ProductCategory>Camera Batteries</ProductCategory><ProductTypes><ProductType>video</ProductType></ProductTypes></Product></Products></customer><customer id="594" Gender="Male" MaritalStatus="Single"><AgeGroup>under 40</AgeGroup><IncomeLevel>low</IncomeLevel><Address><City>Athens</City><Street>Athinas Street</Street><Number>55</Number></Address><Products><Product id="134"><ProductName>Model C93822D Wireless Phone Battery</ProductName><ProductCategory>Camera Batteries</ProductCategory><ProductTypes><ProductType>video</ProductType></ProductTypes></Product></Products></customer><customer id="1419" Gender="Male" MaritalStatus="Unknown"><AgeGroup>above 70</AgeGroup><IncomeLevel>low</IncomeLevel><Address><City>Thessaloniki</City><Street>Panepistimiou Avenue</Street><Number>91</Number></Address><Products><Product id="134"><ProductName>Model C93822D Wireless Phone Battery</ProductName><ProductCategory>Camera Batteries</ProductCategory><ProductTypes><ProductType>video</ProductType></ProductTypes></Product></Products></customer><customer id="1428" Gender="Female" MaritalStatus="Married"><AgeGroup>above 70</AgeGroup><IncomeLevel>medium</IncomeLevel><Address><City>Thessaloniki</City><Street>Vasilissis Sofias Avenue</Street><Number>26</Number></Address><Products><Product id="134"><ProductName>Model C93822D Wireless Phone Battery</ProductName><ProductCategory>Camera Batteries</ProductCategory><ProductTypes><ProductType>video</ProductType></ProductTypes></Product></Products></customer><customer id="1485" Gender="Male" MaritalStatus="Married"><AgeGroup>above 70</AgeGroup><IncomeLevel>low</IncomeLevel><Address><City>Athens</City><Street>Vasilissis Sofias Avenue</Street><Number>66</Number></Address><Products><Product id="134"><ProductName>Model C93822D Wireless Phone Battery</ProductName><ProductCategory>Camera Batteries</ProductCategory><ProductTypes><ProductType>video</ProductType></ProductTypes></Product></Products></customer><customer id="1620" Gender="Female" MaritalStatus="Single"><AgeGroup>60-70</AgeGroup><IncomeLevel>medium</IncomeLevel><Address><City>Thessaloniki</City><Street>Adrianou Street</Street><Number>68</Number></Address><Products><Product id="134"><ProductName>Model C93822D Wireless Phone Battery</ProductName><ProductCategory>Camera Batteries</ProductCategory><ProductTypes><ProductType>video</ProductType></ProductTypes></Product></Products></customer><customer id="1943" Gender="Male" MaritalStatus="Unknown"><AgeGroup>60-70</AgeGroup><IncomeLevel>low</IncomeLevel><Address><City>Athens</City><Street>Adrianou Street</Street><Number>99</Number></Address><Products><Product id="134"><ProductName>Model C93822D Wireless Phone Battery</ProductName><ProductCategory>Camera Batteries</ProductCategory><ProductTypes><ProductType>video</ProductType></ProductTypes></Product></Products></customer><customer id="1959" Gender="Male" MaritalStatus="Unknown"><AgeGroup>50-60</AgeGroup><IncomeLevel>low</IncomeLevel><Address><City>Patras</City><Street>Adrianou Street</Street><Number>99</Number></Address><Products><Product id="134"><ProductName>Model C93822D Wireless Phone Battery</ProductName><ProductCategory>Camera Batteries</ProductCategory><ProductTypes><ProductType>video</ProductType></ProductTypes></Product></Products></customer><customer id="2638" Gender="Male" MaritalStatus="Married"><AgeGroup>40-50</AgeGroup><IncomeLevel>low</IncomeLevel><Address><City>Athens</City><Street>Patision Street</Street><Number>14</Number></Address><Products><Product id="134"><ProductName>Model C93822D Wireless Phone Battery</ProductName><ProductCategory>Camera Batteries</ProductCategory><ProductTypes><ProductType>video</ProductType></ProductTypes></Product></Products></customer><customer id="2972" Gender="Male" MaritalStatus="Single"><AgeGroup>above 70</AgeGroup><IncomeLevel>medium</IncomeLevel><Address><City>Athens</City><Street>Patision Street</Street><Number>47</Number></Address><Products><Product id="134"><ProductName>Model C93822D Wireless Phone Battery</ProductName><ProductCategory>Camera Batteries</ProductCategory><ProductTypes><ProductType>video</ProductType></ProductTypes></Product></Products></customer><customer id="3771" Gender="Female" MaritalStatus="Married"><AgeGroup>60-70</AgeGroup><IncomeLevel>high</IncomeLevel><Address><City>Thessaloniki</City><Street>Athinas Street</Street><Number>85</Number></Address><Products><Product id="134"><ProductName>Model C93822D Wireless Phone Battery</ProductName><ProductCategory>Camera Batteries</ProductCategory><ProductTypes><ProductType>video</ProductType></ProductTypes></Product></Products></customer><customer id="3873" Gender="Male" MaritalStatus="Unknown"><AgeGroup>40-50</AgeGroup><IncomeLevel>low</IncomeLevel><Address><City>Thessaloniki</City><Street>Adrianou Street</Street><Number>4</Number></Address><Products><Product id="134"><ProductName>Model C93822D Wireless Phone Battery</ProductName><ProductCategory>Camera Batteries</ProductCategory><ProductTypes><ProductType>video</ProductType></ProductTypes></Product></Products></customer><customer id="3918" Gender="Female" MaritalStatus="Single"><AgeGroup>60-70</AgeGroup><IncomeLevel>medium</IncomeLevel><Address><City>Thessaloniki</City><Street>Adrianou Street</Street><Number>66</Number></Address><Products><Product id="134"><ProductName>Model C93822D Wireless Phone Battery</ProductName><ProductCategory>Camera Batteries</ProductCategory><ProductTypes><ProductType>video</ProductType></ProductTypes></Product></Products></customer><customer id="4323" Gender="Male" MaritalStatus="Married"><AgeGroup>50-60</AgeGroup><IncomeLevel>low</IncomeLevel><Address><City>Thessaloniki</City><Street>Panepistimiou Avenue</Street><Number>60</Number></Address><Products><Product id="134"><ProductName>Model C93822D Wireless Phone Battery</ProductName><ProductCategory>Camera Batteries</ProductCategory><ProductTypes><ProductType>video</ProductType></ProductTypes></Product></Products></customer><customer id="4687" Gender="Male" MaritalStatus="Unknown"><AgeGroup>above 70</AgeGroup><IncomeLevel>low</IncomeLevel><Address><City>Patras</City><Street>Ermou Street</Street><Number>77</Number></Address><Products><Product id="134"><ProductName>Model C93822D Wireless Phone Battery</ProductName><ProductCategory>Camera Batteries</ProductCategory><ProductTypes><ProductType>video</ProductType></ProductTypes></Product></Products></customer><customer id="5847" Gender="Male" MaritalStatus="Single"><AgeGroup>above 70</AgeGroup><IncomeLevel>medium</IncomeLevel><Address><City>Athens</City><Street>Patision Street</Street><Number>57</Number></Address><Products><Product id="134"><ProductName>Model C93822D Wireless Phone Battery</ProductName><ProductCategory>Camera Batteries</ProductCategory><ProductTypes><ProductType>video</ProductType></ProductTypes></Product></Products></customer><customer id="6456" Gender="Male" MaritalStatus="Single"><AgeGroup>above 70</AgeGroup><IncomeLevel>medium</IncomeLevel><Address><City>Athens</City><Street>Vasilissis Sofias Avenue</Street><Number>46</Number></Address><Products><Product id="134"><ProductName>Model C93822D Wireless Phone Battery</ProductName><ProductCategory>Camera Batteries</ProductCategory><ProductTypes><ProductType>video</ProductType></ProductTypes></Product></Products></customer><customer id="7008" Gender="Male" MaritalStatus="Married"><AgeGroup>60-70</AgeGroup><IncomeLevel>medium</IncomeLevel><Address><City>Athens</City><Street>Vasilissis Sofias Avenue</Street><Number>94</Number></Address><Products><Product id="134"><ProductName>Model C93822D Wireless Phone Battery</ProductName><ProductCategory>Camera Batteries</ProductCategory><ProductTypes><ProductType>video</ProductType></ProductTypes></Product></Products></customer><customer id="7067" Gender="Male" MaritalStatus="Married"><AgeGroup>above 70</AgeGroup><IncomeLevel>low</IncomeLevel><Address><City>Patras</City><Street>Adrianou Street</Street><Number>32</Number></Address><Products><Product id="134"><ProductName>Model C93822D Wireless Phone Battery</ProductName><ProductCategory>Camera Batteries</ProductCategory><ProductTypes><ProductType>video</ProductType></ProductTypes></Product></Products></customer><customer id="8620" Gender="Female" MaritalStatus="Married"><AgeGroup>60-70</AgeGroup><IncomeLevel>low</IncomeLevel><Address><City>Athens</City><Street>Panepistimiou Avenue</Street><Number>75</Number></Address><Products><Product id="134"><ProductName>Model C93822D Wireless Phone Battery</ProductName><ProductCategory>Camera Batteries</ProductCategory><ProductTypes><ProductType>video</ProductType></ProductTypes></Product></Products></customer><customer id="9829" Gender="Female" MaritalStatus="Single"><AgeGroup>50-60</AgeGroup><IncomeLevel>high</IncomeLevel><Address><City>Thessaloniki</City><Street>Patision Street</Street><Number>21</Number></Address><Products><Product id="134"><ProductName>Model C93822D Wireless Phone Battery</ProductName><ProductCategory>Camera Batteries</ProductCategory><ProductTypes><ProductType>video</ProductType></ProductTypes></Product></Products></customer><customer id="10137" Gender="Male" MaritalStatus="Unknown"><AgeGroup>50-60</AgeGroup><IncomeLevel>medium</IncomeLevel><Address><City>Patras</City><Street>Adrianou Street</Street><Number>93</Number></Address><Products><Product id="134"><ProductName>Model C93822D Wireless Phone Battery</ProductName><ProductCategory>Camera Batteries</ProductCategory><ProductTypes><ProductType>video</ProductType></ProductTypes></Product></Products></customer><customer id="10659" Gender="Female" MaritalStatus="Single"><AgeGroup>under 40</AgeGroup><IncomeLevel>high</IncomeLevel><Address><City>Athens</City><Street>Panepistimiou Avenue</Street><Number>68</Number></Address><Products><Product id="134"><ProductName>Model C93822D Wireless Phone Battery</ProductName><ProductCategory>Camera Batteries</ProductCategory><ProductTypes><ProductType>video</ProductType></ProductTypes></Product></Products></customer><customer id="10718" Gender="Female" MaritalStatus="Married"><AgeGroup>50-60</AgeGroup><IncomeLevel>high</IncomeLevel><Address><City>Athens</City><Street>Athinas Street</Street><Number>51</Number></Address><Products><Product id="134"><ProductName>Model C93822D Wireless Phone Battery</ProductName><ProductCategory>Camera Batteries</ProductCategory><ProductTypes><ProductType>video</ProductType></ProductTypes></Product></Products></customer><customer id="12268" Gender="Female" MaritalStatus="Single"><AgeGroup>above 70</AgeGroup><IncomeLevel>medium</IncomeLevel><Address><City>Athens</City><Street>Panepistimiou Avenue</Street><Number>67</Number></Address><Products><Product id="134"><ProductName>Model C93822D Wireless Phone Battery</ProductName><ProductCategory>Camera Batteries</ProductCategory><ProductTypes><ProductType>video</ProductType></ProductTypes></Product></Products></customer><customer id="13053" Gender="Female" MaritalStatus="Unknown"><AgeGroup>above 70</AgeGroup><IncomeLevel>low</IncomeLevel><Address><City>Patras</City><Street>Patision Street</Street><Number>15</Number></Address><Products><Product id="134"><ProductName>Model C93822D Wireless Phone Battery</ProductName><ProductCategory>Camera Batteries</ProductCategory><ProductTypes><ProductType>video</ProductType></ProductTypes></Product></Products></customer><customer id="13113" Gender="Male" MaritalStatus="Married"><AgeGroup>60-70</AgeGroup><IncomeLevel>medium</IncomeLevel><Address><City>Athens</City><Street>Athinas Street</Street><Number>94</Number></Address><Products><Product id="134"><ProductName>Model C93822D Wireless Phone Battery</ProductName><ProductCategory>Camera Batteries</ProductCategory><ProductTypes><ProductType>video</ProductType></ProductTypes></Product></Products></customer><customer id="13468" Gender="Male" MaritalStatus="Married"><AgeGroup>above 70</AgeGroup><IncomeLevel>low</IncomeLevel><Address><City>Athens</City><Street>Patision Street</Street><Number>76</Number></Address><Products><Product id="134"><ProductName>Model C93822D Wireless Phone Battery</ProductName><ProductCategory>Camera Batteries</ProductCategory><ProductTypes><ProductType>video</ProductType></ProductTypes></Product></Products></customer><customer id="23860" Gender="Male" MaritalStatus="Unknown"><AgeGroup>40-50</AgeGroup><IncomeLevel>low</IncomeLevel><Address><City>Thessaloniki</City><Street>Athinas Street</Street><Number>14</Number></Address><Products><Product id="134"><ProductName>Model C93822D Wireless Phone Battery</ProductName><ProductCategory>Camera Batteries</ProductCategory><ProductTypes><ProductType>video</ProductType></ProductTypes></Product></Products></customer></customers>